{
    "$schema": "http://schema.management.azure.com/schemas/2014-04-01-preview/deploymentTemplate.json#",
    "contentVersion": "0.9.0.0",
    "parameters": {
        "clusterName": {
            "type": "String",
            "metadata": {
                "description": "The name of the HDInsight cluster to create."
            }
        }
    },
    "resources": [
        {
            "type": "Microsoft.HDInsight/clusters",
            "name": "presciencerxdev",
            "apiVersion": "2015-03-01-preview",
            "location": "eastus",
            "properties": {
                "clusterVersion": "3.3",
                "osType": "Linux",
                "tier": "standard",
                "clusterDefinition": {
                    "kind": "hadoop",
                    "configurations": {
                        "gateway": {
                            "restAuthCredential.isEnabled": true,
                            "restAuthCredential.username": "admin",
                            "restAuthCredential.password": "Bornin1959!"
                        },
                        "core-site": {
                            "fs.defaultFS": "wasb://hdinsight@presciencerxdev.blob.core.windows.net",
                            "fs.azure.account.key.presciencerxdev.blob.core.windows.net": "iFDIIdOBI9dA4dssAeJcOpHE+XSPnneXTCPUTgQ1Lwj0waMdFZifLyEYMDzjLT2KXUWUS/UeynV0KwWhpzOfow=="
                        }
                    }
                },
                "computeProfile": {
                    "roles": [
                        {
                            "name": "headnode",
                            "minInstanceCount": 1,
                            "targetInstanceCount": 2,
                            "hardwareProfile": {
                                "vmSize": "Large"
                            },
                            "osProfile": {
                                "linuxOperatingSystemProfile": {
                                    "username": "iambillmccann",
                                    "password": "Bornin1959!"
                                }
                            },
                            "scriptActions": []
                        },
                        {
                            "name": "workernode",
                            "minInstanceCount": 1,
                            "targetInstanceCount": 4,
                            "hardwareProfile": {
                                "vmSize": "Large"
                            },
                            "osProfile": {
                                "linuxOperatingSystemProfile": {
                                    "username": "iambillmccann",
                                    "password": "Bornin1959!"
                                }
                            },
                            "scriptActions": []
                        },
                        {
                            "name": "zookeepernode",
                            "minInstanceCount": 1,
                            "targetInstanceCount": 3,
                            "hardwareProfile": {
                                "vmSize": "Small"
                            },
                            "osProfile": {
                                "linuxOperatingSystemProfile": {
                                    "username": "iambillmccann",
                                    "password": "Bornin1959!"
                                }
                            },
                            "scriptActions": []
                        }
                    ]
                }
            },
            "dependsOn": []
        }
    ]
}