{
    "$schema": "https://schema.management.azure.com/schemas/2015-01-01/deploymentTemplate.json#",
    "contentVersion": "1.0.0.0",
    "parameters": {
        "accounts_presciencerxdev_name": {
            "defaultValue": "presciencerxdev",
            "type": "String"
        }
    },
    "variables": {},
    "resources": [
        {
            "comments": "Generalized from resource: '/subscriptions/b9557df9-3cc4-4647-95af-6718dc531ed8/resourceGroups/PrescienceRx-Development/providers/Microsoft.DataLakeStore/accounts/presciencerxdev'.",
            "type": "Microsoft.DataLakeStore/accounts",
            "name": "[parameters('accounts_presciencerxdev_name')]",
            "apiVersion": "2015-10-01-preview",
            "location": "eastus2",
            "properties": {},
            "resources": [],
            "dependsOn": []
        }
    ]
}